year,month,day,hour,minute,second,count
2025,03,05,12,45,14,4
2025,03,05,12,45,26,2
2025,03,05,12,45,37,4
2025,03,05,12,45,49,4
2025,03,05,12,46,01,7
2025,03,05,12,46,13,3
2025,03,05,12,46,24,1
2025,03,05,12,46,36,4
2025,03,05,12,46,48,5
2025,03,05,12,46,59,3
2025,03,05,12,47,11,3
2025,03,05,12,47,23,2
2025,03,05,13,26,19,2
2025,03,05,13,26,30,0
2025,03,05,13,58,09,45
2025,03,05,14,28,12,56
2025,03,05,14,58,14,51
2025,03,05,15,28,16,55
2025,03,05,15,58,18,54
2025,03,05,16,28,20,49
2025,03,05,16,58,23,46
2025,03,05,17,28,25,54
2025,03,05,17,58,27,49
2025,03,05,18,28,29,60
2025,03,05,18,58,31,44
2025,03,05,19,28,33,37
2025,03,05,19,58,35,38
2025,03,05,20,28,37,35
2025,03,05,20,58,39,33
2025,03,05,21,28,42,35
2025,03,05,21,58,45,36
2025,03,05,22,28,47,31
2025,03,05,22,58,49,30
2025,03,05,23,28,51,31
2025,03,05,23,58,53,28
2025,03,06,00,28,55,23
2025,03,06,00,58,57,27
2025,03,06,01,28,59,25
2025,03,06,01,59,01,25
2025,03,06,02,29,03,25
2025,03,06,02,59,05,26
2025,03,06,03,29,07,24
2025,03,06,03,59,09,27
2025,03,06,04,29,11,25
2025,03,06,04,59,13,23
2025,03,06,05,29,15,23
2025,03,06,05,59,17,26
2025,03,06,06,29,19,20
2025,03,06,06,59,21,30
2025,03,06,07,29,23,26
2025,03,06,07,59,25,28
2025,03,06,08,29,27,42
2025,03,06,08,59,30,63
2025,03,06,09,29,32,57
2025,03,06,09,59,34,56
2025,03,06,10,29,36,55
2025,03,06,10,59,38,49
2025,03,06,11,29,40,50
2025,03,06,11,59,42,50
2025,03,06,12,29,45,57
2025,03,06,12,59,47,60
2025,03,06,13,29,49,63
2025,03,06,13,59,51,60
2025,03,06,14,29,54,59
2025,03,06,14,59,55,57
2025,03,06,15,29,57,46
2025,03,06,16,00,00,54
2025,03,06,16,30,02,52
2025,03,06,17,00,05,64
2025,03,06,17,30,07,48
2025,03,06,18,00,09,57
2025,03,06,18,30,11,60
2025,03,06,19,00,13,41
2025,03,06,19,30,15,46
2025,03,06,20,00,17,39
2025,03,06,20,30,20,44
2025,03,06,21,00,22,36
2025,03,06,21,30,24,34
2025,03,06,22,00,26,32
2025,03,06,22,30,28,28
2025,03,06,23,00,30,27
2025,03,06,23,30,32,29
2025,03,07,08,19,41,67
2025,03,07,08,49,43,68
2025,03,07,09,19,45,69
2025,03,07,09,49,47,47
2025,03,07,10,19,49,50
2025,03,07,10,49,52,52
2025,03,07,11,19,54,61
2025,03,07,11,49,56,52
2025,03,07,12,19,59,59
2025,03,07,12,50,01,61
2025,03,07,13,20,03,65
2025,03,07,13,50,05,57
