時間,施設No,ユーザー情報
2024-09-13 13:44:45,37,88c2035e6c44f15b77ed373c4c370429e608ef02b646495276b6f27e3e83abd8
2024-09-13 13:44:45,37,88c2035e6c44f15b77ed373c4c370429e608ef02b646495276b6f27e3e83abd8
2024-09-13 13:44:45,37,88c2035e6c44f15b77ed373c4c370429e608ef02b646495276b6f27e3e83abd8
2024-09-13 13:44:45,37,88c2035e6c44f15b77ed373c4c370429e608ef02b646495276b6f27e3e83abd8
2024-09-13 13:44:45,37,88c2035e6c44f15b77ed373c4c370429e608ef02b646495276b6f27e3e83abd8
2024-09-13 13:44:53,37,88c2035e6c44f15b77ed373c4c370429e608ef02b646495276b6f27e3e83abd8
2024-09-13 13:44:53,37,88c2035e6c44f15b77ed373c4c370429e608ef02b646495276b6f27e3e83abd8
2024-09-13 13:44:54,37,88c2035e6c44f15b77ed373c4c370429e608ef02b646495276b6f27e3e83abd8
2024-09-13 13:44:54,37,88c2035e6c44f15b77ed373c4c370429e608ef02b646495276b6f27e3e83abd8
2024-09-13 13:44:54,37,88c2035e6c44f15b77ed373c4c370429e608ef02b646495276b6f27e3e83abd8
2024-09-13 13:45:39,37,18248f005b7493422ea25abcce7179b6d01446ebce2f14824bfbdbbe7f402bb9
2024-09-13 13:45:39,37,18248f005b7493422ea25abcce7179b6d01446ebce2f14824bfbdbbe7f402bb9
2024-09-13 13:45:39,37,18248f005b7493422ea25abcce7179b6d01446ebce2f14824bfbdbbe7f402bb9
2024-09-13 13:45:53,37,88c2035e6c44f15b77ed373c4c370429e608ef02b646495276b6f27e3e83abd8
2024-09-13 13:45:53,37,88c2035e6c44f15b77ed373c4c370429e608ef02b646495276b6f27e3e83abd8
2024-09-13 13:45:53,37,88c2035e6c44f15b77ed373c4c370429e608ef02b646495276b6f27e3e83abd8
2024-09-13 13:45:53,37,88c2035e6c44f15b77ed373c4c370429e608ef02b646495276b6f27e3e83abd8
2024-09-13 13:45:53,37,88c2035e6c44f15b77ed373c4c370429e608ef02b646495276b6f27e3e83abd8
2024-09-13 13:45:53,37,88c2035e6c44f15b77ed373c4c370429e608ef02b646495276b6f27e3e83abd8
2024-09-13 13:45:53,37,88c2035e6c44f15b77ed373c4c370429e608ef02b646495276b6f27e3e83abd8
2024-09-13 13:46:27,37,18248f005b7493422ea25abcce7179b6d01446ebce2f14824bfbdbbe7f402bb9
2024-09-13 13:46:47,37,18248f005b7493422ea25abcce7179b6d01446ebce2f14824bfbdbbe7f402bb9
2024-09-13 13:46:47,37,18248f005b7493422ea25abcce7179b6d01446ebce2f14824bfbdbbe7f402bb9
2024-09-13 13:46:47,37,18248f005b7493422ea25abcce7179b6d01446ebce2f14824bfbdbbe7f402bb9
2024-09-13 13:46:53,37,88c2035e6c44f15b77ed373c4c370429e608ef02b646495276b6f27e3e83abd8
2024-09-13 13:46:53,37,88c2035e6c44f15b77ed373c4c370429e608ef02b646495276b6f27e3e83abd8
2024-09-13 13:47:53,37,88c2035e6c44f15b77ed373c4c370429e608ef02b646495276b6f27e3e83abd8
2024-09-13 13:47:53,37,88c2035e6c44f15b77ed373c4c370429e608ef02b646495276b6f27e3e83abd8
